,TEAM_SEASON,cluster0,cluster1,cluster2,cluster3,playoffs
0,2000_01_ATL,0.4188927603561749,0.145954316686024,0.0952380952380952,0.3399148277197057,0
1,2000_01_BOS,0.4193133047210299,0.3012875536480687,0.1798283261802575,0.0995708154506437,0
2,2000_01_CHH,0.2434413580246913,0.1462191358024691,0.3020833333333333,0.3082561728395062,1
3,2000_01_CHI,0.3015713808090939,0.4754262788365095,0.0,0.2230023403543965,0
4,2000_01_CLE,0.2783539645366343,0.3124790899966543,0.0,0.4091669454667112,0
5,2000_01_DAL,0.0649241146711635,0.5838954468802698,0.1770657672849915,0.174114671163575,1
6,2000_01_DEN,0.0505175983436853,0.6683229813664596,0.0703933747412008,0.2107660455486542,0
7,2000_01_DET,0.3370917573872473,0.1135303265940902,0.1559097978227061,0.3934681181959566,0
8,2000_01_GSW,0.1477784932388924,0.427237604636188,0.1097875080489375,0.3151963940759819,0
9,2000_01_HOU,0.2383863080684596,0.2742461287693561,0.1625916870415648,0.3247758761206194,0
10,2000_01_IND,0.2066996574038827,0.6387514274838219,0.0,0.1545489151122954,1
11,2000_01_LAC,0.2097581317764804,0.1105087572977481,0.3006672226855713,0.3790658882402001,0
12,2000_01_LAL,0.4777236989891426,0.2527143391988019,0.1535005615874204,0.1160614002246349,1
13,2000_01_MIA,0.2085476850019786,0.7914523149980214,0.0,0.0,1
14,2000_01_MIL,0.162531017369727,0.4139784946236559,0.1579818031430934,0.2655086848635235,1
15,2000_01_MIN,0.3149314560948499,0.1048536494998147,0.2804742497221193,0.299740644683216,1
16,2000_01_NJN,0.3,0.315,0.2753846153846154,0.1096153846153846,0
17,2000_01_NYK,0.1060393258426966,0.4831460674157303,0.1091994382022471,0.3016151685393258,1
18,2000_01_ORL,0.3135458167330677,0.4235059760956176,0.0,0.2629482071713147,1
19,2000_01_PHI,0.16592082616179,0.4994836488812392,0.108433734939759,0.2261617900172117,1
20,2000_01_PHX,0.3302446256486285,0.4607116382505559,0.1475166790214974,0.061527057079318,1
21,2000_01_POR,0.1712473572938689,0.620507399577167,0.1141649048625793,0.0940803382663847,1
22,2000_01_SAC,0.1714285714285714,0.592,0.1542857142857142,0.0822857142857143,1
23,2000_01_SAS,0.3775700934579439,0.4833644859813084,0.0,0.1390654205607476,1
24,2000_01_SEA,0.2251834685206643,0.3422170722286597,0.1587485515643105,0.2738509076863654,0
25,2000_01_TOR,0.2311766931517215,0.2357169882709043,0.2447975785092698,0.2883087400681045,1
26,2000_01_UTA,0.1220439189189189,0.6486486486486486,0.0,0.2293074324324324,1
27,2000_01_VAN,0.3101058008026268,0.4242977015687705,0.0,0.2655964976286027,0
28,2000_01_WAS,0.3272650296359018,0.336155800169348,0.0,0.3365791701947502,0
29,2001_02_ATL,0.3303538175046555,0.4581005586592179,0.0,0.2115456238361266,0
30,2001_02_BOS,0.2223869532987398,0.5303928836174945,0.1560415122312824,0.0911786508524833,1
31,2001_02_CHH,0.2513457556935818,0.1540372670807453,0.1677018633540372,0.4269151138716356,1
32,2001_02_CHI,0.3298500681508405,0.2803271240345297,0.0,0.3898228078146296,0
33,2001_02_CLE,0.3021635496883021,0.3381004767143381,0.1367803447011367,0.2229556288962229,0
34,2001_02_DAL,0.2952261306532663,0.6363065326633165,0.0,0.068467336683417,1
35,2001_02_DEN,0.1001278227524499,0.4814657008947592,0.0,0.4184064763527907,0
36,2001_02_DET,0.1656158049600672,0.5220680958385877,0.1534258091635141,0.158890290037831,1
37,2001_02_GSW,0.0739130434782608,0.6877470355731226,0.0,0.2383399209486166,0
38,2001_02_HOU,0.3051538746755654,0.3856136447905079,0.1523915461624027,0.1568409343715239,0
39,2001_02_IND,0.124187256176853,0.6371911573472041,0.0991547464239271,0.1394668400520156,1
40,2001_02_LAC,0.2025641025641025,0.6816239316239316,0.0,0.1158119658119658,0
41,2001_02_LAL,0.2367131549189597,0.528458349038824,0.1443648699585375,0.0904636260836788,1
42,2001_02_MEM,0.1534276387377584,0.582879941965905,0.0,0.2636924192963366,0
43,2001_02_MIA,0.3675123326286116,0.3604651162790698,0.0,0.2720225510923185,0
44,2001_02_MIL,0.2687074829931973,0.6727891156462585,0.0,0.0585034013605442,0
45,2001_02_MIN,0.2268175881584675,0.3365259033521985,0.1249455811928602,0.3117109272964736,1
46,2001_02_NJN,0.0873907615480649,0.4011652101539742,0.1552226383687057,0.3562213899292551,1
47,2001_02_NYK,0.1896551724137931,0.3322119428090833,0.1211101766190075,0.357022708158116,0
48,2001_02_ORL,0.2291187739463601,0.4597701149425287,0.1467432950191571,0.164367816091954,1
49,2001_02_PHI,0.2008086253369272,0.4238544474393531,0.2695417789757412,0.1057951482479784,1
50,2001_02_PHX,0.3297477744807122,0.2867210682492581,0.1142433234421365,0.2692878338278932,0
51,2001_02_POR,0.1259697081640192,0.6102696712227558,0.0,0.2637606206132249,1
52,2001_02_SAC,0.0791067373202119,0.5722937168811506,0.2596517789553368,0.0889477668433005,1
53,2001_02_SAS,0.3228256741359666,0.5970375996961641,0.0,0.0801367261678693,1
54,2001_02_SEA,0.2951414068165336,0.3846990572878898,0.1457577955039884,0.1744017403915881,1
55,2001_02_TOR,0.1918262150220913,0.3946980854197349,0.0,0.4134756995581738,1
56,2001_02_UTA,0.290788013318535,0.5775064742878284,0.0,0.1317055123936367,1
57,2001_02_WAS,0.2661157024793388,0.3960330578512396,0.0,0.3378512396694215,0
58,2002_03_ATL,0.1341414141414141,0.4056565656565656,0.1539393939393939,0.3062626262626262,0
59,2002_03_BOS,0.2673816568047337,0.209689349112426,0.2984467455621302,0.22448224852071,1
60,2002_03_CHI,0.344255823134623,0.2183181997631267,0.264508487958942,0.1729174891433083,0
61,2002_03_CLE,0.4529112934740132,0.3876514263384134,0.0,0.1594372801875732,0
62,2002_03_DAL,0.2277673545966229,0.5189493433395872,0.0,0.2532833020637898,1
63,2002_03_DEN,0.3548672566371681,0.3884955752212389,0.0960176991150442,0.1606194690265486,0
64,2002_03_DET,0.2994611239414934,0.3795227097767513,0.1512702078521939,0.1697459584295612,1
65,2002_03_GSW,0.146594684385382,0.5307308970099667,0.0,0.3226744186046511,0
66,2002_03_HOU,0.3348131705512394,0.2615612282648909,0.2637809840917499,0.1398446170921198,0
67,2002_03_IND,0.2342898656011624,0.4565928078459862,0.135125317835089,0.1739920087177625,1
68,2002_03_LAC,0.3516601213852196,0.308818279186005,0.2709746519100321,0.0685469475187433,0
69,2002_03_LAL,0.1875714830346931,0.5833015630956919,0.1582157834540602,0.0709111704155547,1
70,2002_03_MEM,0.329524511610763,0.4850718761518615,0.0,0.1854036122373756,0
71,2002_03_MIA,0.262699564586357,0.4419448476052249,0.0,0.295355587808418,0
72,2002_03_MIL,0.1807011203469461,0.4513913986266714,0.1250451752800867,0.2428623057462955,1
73,2002_03_MIN,0.3795180722891566,0.2416725726435152,0.1435152374202693,0.2352941176470588,1
74,2002_03_NJN,0.2019960079840319,0.332934131736527,0.2926147704590818,0.1724550898203593,1
75,2002_03_NOH,0.2557544757033248,0.3829009864815491,0.1483375959079284,0.2130069419071976,1
76,2002_03_NYK,0.2350041084634346,0.2682826622843056,0.1585866885784716,0.338126540673788,0
77,2002_03_ORL,0.1819923371647509,0.5222222222222223,0.1505747126436781,0.1452107279693486,1
78,2002_03_PHI,0.0267082899757197,0.5244536940686786,0.1314602844259452,0.3173777315296566,1
79,2002_03_PHX,0.2122814152094347,0.5717771451809679,0.1244408296055307,0.0915006100040666,1
80,2002_03_POR,0.350018268176836,0.4815491413956887,0.0,0.1684325904274753,1
81,2002_03_SAC,0.2277019937040923,0.5578873732074152,0.1367611052815669,0.0776495278069255,1
82,2002_03_SAS,0.2072317262830482,0.5451010886469674,0.1527993779160186,0.0948678071539657,1
83,2002_03_SEA,0.175990675990676,0.385003885003885,0.1472416472416472,0.2917637917637917,0
84,2002_03_TOR,0.0472242249459264,0.8085796683489545,0.0,0.1441961067051189,0
85,2002_03_UTA,0.3004342676667982,0.6056060007895776,0.0,0.0939597315436241,1
86,2002_03_WAS,0.2879906723668869,0.4201321414691021,0.0,0.2918771861640108,0
87,2003_04_ATL,0.3672823218997362,0.3905013192612137,0.1092348284960422,0.1329815303430079,0
88,2003_04_BOS,0.3412734768666972,0.2670636738433348,0.1772789738891433,0.2143838754008245,1
89,2003_04_CHI,0.1490196078431372,0.2368627450980392,0.1396078431372549,0.4745098039215686,0
90,2003_04_CLE,0.3650306748466257,0.5661213360599863,0.0,0.0688479890933878,0
91,2003_04_DAL,0.2846265409717187,0.3825235678027557,0.2469180565627266,0.0859318346627991,1
92,2003_04_DEN,0.3369122547204738,0.3694927804516845,0.1284709366901147,0.1651240281377267,1
93,2003_04_DET,0.0323420074349442,0.6271375464684015,0.1319702602230483,0.2085501858736059,1
94,2003_04_GSW,0.2673031026252983,0.7326968973747016,0.0,0.0,0
95,2003_04_HOU,0.180110497237569,0.5627992633517496,0.0,0.2570902394106814,1
96,2003_04_IND,0.4254843517138599,0.3707153502235469,0.0,0.2038002980625931,1
97,2003_04_LAC,0.2866416125725999,0.4820635462931328,0.0,0.2312948411342671,0
98,2003_04_LAL,0.3048327137546468,0.2252788104089219,0.3907063197026022,0.079182156133829,1
99,2003_04_MEM,0.0,0.7429245283018868,0.0,0.2570754716981132,1
100,2003_04_MIA,0.1130811662726556,0.4078014184397163,0.1477541371158392,0.3313632781717888,1
101,2003_04_MIL,0.3086673518328194,0.3299075025693731,0.0,0.3614251455978075,1
102,2003_04_MIN,0.4465097067327551,0.1561338289962825,0.308550185873606,0.0888062783973564,1
103,2003_04_NJN,0.1975775927327781,0.4848599545798637,0.1392884178652535,0.1782740348221044,1
104,2003_04_NOH,0.3116541353383458,0.5093984962406015,0.0,0.1789473684210526,1
105,2003_04_NYK,0.2576824583866837,0.4238156209987195,0.0,0.3185019206145966,1
106,2003_04_ORL,0.3188044831880448,0.568700705687007,0.0,0.1124948111249481,0
107,2003_04_PHI,0.2852100247087893,0.6198376279562303,0.0,0.0949523473349805,0
108,2003_04_PHX,0.2585185185185185,0.5181481481481481,0.0,0.2233333333333333,0
109,2003_04_POR,0.2818546914932456,0.5228185469149325,0.0,0.1953267615918218,0
110,2003_04_SAC,0.1295993458708094,0.5498773507767784,0.2661488143908421,0.0543744889615699,1
111,2003_04_SAS,0.2383419689119171,0.5858623242042932,0.0,0.1757957068837898,1
112,2003_04_SEA,0.1945119833275442,0.4244529350468912,0.1337269885376867,0.2473080930878777,0
113,2003_04_TOR,0.3334438183626119,0.6665561816373882,0.0,0.0,0
114,2003_04_UTA,0.3251211631663974,0.4769789983844911,0.0,0.1978998384491114,0
115,2003_04_WAS,0.2595338983050848,0.2994350282485876,0.1327683615819209,0.3082627118644068,0
116,2004_05_ATL,0.375993640699523,0.363275039745628,0.0,0.2607313195548489,0
117,2004_05_BOS,0.1587429492344883,0.5314262691377921,0.145447219983884,0.1643835616438356,1
118,2004_05_CHA,0.1625844594594594,0.6148648648648648,0.0,0.2225506756756756,0
119,2004_05_CHI,0.1740469772814785,0.4408933384674623,0.0,0.3850596842510588,1
120,2004_05_CLE,0.3503514613392526,0.3669996300406954,0.1564927857935626,0.126156122826489,0
121,2004_05_DAL,0.1400869274490137,0.7178201270478102,0.0,0.1420929455031762,1
122,2004_05_DEN,0.2197609001406469,0.5886075949367089,0.0,0.1916315049226442,1
123,2004_05_DET,0.1987504880905896,0.7098789535337758,0.0,0.0913705583756345,1
124,2004_05_GSW,0.1207689093188466,0.6443794400334308,0.143752611784371,0.0910990388633514,0
125,2004_05_HOU,0.2406888265919102,0.6527833400080095,0.0,0.10652783340008,1
126,2004_05_IND,0.1644385026737968,0.5334224598930483,0.0,0.3021390374331551,1
127,2004_05_LAC,0.2758985200845666,0.5105708245243129,0.0,0.2135306553911205,0
128,2004_05_LAL,0.3467924528301886,0.4049056603773585,0.1539622641509433,0.0943396226415094,0
129,2004_05_MEM,0.0443173695496783,0.7773409578270194,0.0,0.1783416726233024,1
130,2004_05_MIA,0.3583857830433172,0.374305812661977,0.1432802665679378,0.1240281377267678,1
131,2004_05_MIL,0.26489226869455,0.2801013941698352,0.0,0.4550063371356146,0
132,2004_05_MIN,0.3832011535688537,0.3175919250180245,0.1373467916366258,0.161860129776496,0
133,2004_05_NJN,0.4984802431610942,0.1401975683890577,0.1409574468085106,0.2203647416413374,1
134,2004_05_NOH,0.3494318181818182,0.2414772727272727,0.0,0.4090909090909091,0
135,2004_05_NYK,0.0654125694741342,0.4527575887131252,0.0,0.4818298418127404,0
136,2004_05_ORL,0.2586694975230007,0.5711252653927814,0.0,0.170205237084218,0
137,2004_05_PHI,0.3029753265602322,0.2714078374455733,0.2470972423802612,0.1785195936139332,1
138,2004_05_PHX,0.2348630929425376,0.5800231392209796,0.131893559583494,0.0532202082529888,1
139,2004_05_POR,0.1423989737010905,0.4916613213598462,0.109685695958948,0.2562540089801155,0
140,2004_05_SAC,0.2203936753791546,0.457889641819942,0.1245563084866086,0.1971603743142949,1
141,2004_05_SAS,0.3330863282697295,0.4790663208595775,0.0,0.1878473508706928,1
142,2004_05_SEA,0.0695145631067961,0.6419417475728155,0.0,0.2885436893203884,1
143,2004_05_TOR,0.2657393850658858,0.6771595900439239,0.0,0.0571010248901903,0
144,2004_05_UTA,0.2794744318181817,0.65234375,0.0,0.0681818181818181,0
145,2004_05_WAS,0.1908727514990006,0.3607594936708861,0.128580946035976,0.3197868087941373,1
146,2005_06_ATL,0.2774390243902438,0.4733231707317072,0.1551067073170731,0.0941310975609756,0
147,2005_06_BOS,0.2761506276150627,0.2738683910232027,0.1483453784709014,0.3016356028908331,0
148,2005_06_CHA,0.2792998477929985,0.4653729071537292,0.0,0.2553272450532725,0
149,2005_06_CHI,0.137466307277628,0.4936465152098575,0.1120523681170581,0.2568348093954563,1
150,2005_06_CLE,0.321658615136876,0.214975845410628,0.1710950080515297,0.2922705314009661,1
151,2005_06_DAL,0.202231520223152,0.7154811715481171,0.0,0.0822873082287308,1
152,2005_06_DEN,0.3223750419322375,0.2435424354243542,0.0,0.4340825226434082,1
153,2005_06_DET,0.1118598382749326,0.793351302785265,0.0,0.0947888589398023,1
154,2005_06_GSW,0.2610371408549404,0.475823405746321,0.1278906797477225,0.1352487736510161,0
155,2005_06_HOU,0.0889615105301379,0.7218591140159767,0.0,0.1891793754538852,0
156,2005_06_IND,0.2854874563353445,0.5859002858050174,0.0,0.1286122578596379,1
157,2005_06_LAC,0.3097381342062193,0.5879705400981996,0.0,0.102291325695581,1
158,2005_06_LAL,0.260441292356186,0.3695823483057526,0.1587864460204885,0.2111899133175729,1
159,2005_06_MEM,0.2830996884735202,0.3605919003115265,0.2718068535825545,0.0845015576323987,1
160,2005_06_MIA,0.121365787694388,0.4732927653820147,0.2339418526031101,0.1713995943204868,1
161,2005_06_MIL,0.1532374100719424,0.4848920863309352,0.0780575539568345,0.2838129496402878,1
162,2005_06_MIN,0.2770949720670391,0.4983240223463687,0.0,0.2245810055865922,0
163,2005_06_NJN,0.293631100082713,0.1621174524400331,0.3060380479735318,0.2382133995037221,1
164,2005_06_NOK,0.4131868131868133,0.2289377289377289,0.1318681318681319,0.226007326007326,0
165,2005_06_NYK,0.2402113113735239,0.2995649471721566,0.1062771908017402,0.3539465506525792,0
166,2005_06_ORL,0.1877300613496932,0.6302658486707566,0.0,0.1820040899795501,0
167,2005_06_PHI,0.2578449905482041,0.5693761814744802,0.0,0.1727788279773157,0
168,2005_06_PHX,0.1017821782178217,0.5120792079207921,0.2807920792079208,0.1053465346534653,1
169,2005_06_POR,0.2765957446808511,0.4415897230028102,0.0,0.2818145323163388,0
170,2005_06_SAC,0.1218390804597701,0.6666666666666666,0.10727969348659,0.1042145593869731,1
171,2005_06_SAS,0.3669201520912547,0.4950570342205322,0.0,0.1380228136882129,1
172,2005_06_SEA,0.152744630071599,0.5222752585521081,0.0,0.3249801113762927,0
173,2005_06_TOR,0.2218309859154929,0.4483568075117371,0.0,0.32981220657277,0
174,2005_06_UTA,0.3528156996587031,0.2760238907849829,0.1608361774744027,0.2103242320819112,0
175,2005_06_WAS,0.095603926589842,0.6274007682458387,0.0,0.2769953051643192,1
176,2006_07_ATL,0.3902211149174711,0.5515415758330737,0.0,0.0582373092494549,0
177,2006_07_BOS,0.3283414451516285,0.4728566080119805,0.1168101834518906,0.0819917633845001,0
178,2006_07_CHA,0.1828852707307837,0.8171147292692161,0.0,0.0,0
179,2006_07_CHI,0.1557469112691876,0.5874204417821042,0.0,0.2568326469487084,1
180,2006_07_CLE,0.297581903276131,0.234009360374415,0.1595163806552262,0.3088923556942278,1
181,2006_07_DAL,0.2769598089932351,0.6227616394747314,0.0,0.1002785515320334,1
182,2006_07_DEN,0.3221476510067114,0.3456375838926174,0.1424310216256525,0.1897837434750186,1
183,2006_07_DET,0.2196064652143358,0.6033028812368235,0.0,0.1770906535488404,1
184,2006_07_GSW,0.3188405797101449,0.4589371980676329,0.121808143547274,0.1004140786749482,1
185,2006_07_HOU,0.1038430089942763,0.6978740801308259,0.0,0.1982829108748978,1
186,2006_07_IND,0.3787375415282392,0.4880029531192322,0.0,0.1332595053525286,0
187,2006_07_LAC,0.27262044653349,0.6137877007442225,0.0,0.1135918527222875,0
188,2006_07_LAL,0.2886986301369862,0.3554794520547944,0.1345890410958903,0.2212328767123287,1
189,2006_07_MEM,0.2207074428887251,0.3345615327929255,0.1330140014738393,0.3117170228445099,0
190,2006_07_MIA,0.4030790762771169,0.4156752974107768,0.0,0.1812456263121064,1
191,2006_07_MIL,0.1311942959001782,0.4809269162210339,0.1294117647058823,0.2584670231729055,0
192,2006_07_MIN,0.2795210569777043,0.3526011560693641,0.1626754748142031,0.2052023121387283,0
193,2006_07_NJN,0.4078605858361142,0.1319985168705969,0.2773451983685576,0.1827956989247312,1
194,2006_07_NOK,0.4268947015425889,0.2186452045606975,0.1234071093226022,0.2310529845741113,0
195,2006_07_NYK,0.2537313432835821,0.4216417910447761,0.0,0.3246268656716418,0
196,2006_07_ORL,0.2929078014184397,0.3485815602836879,0.0,0.3585106382978723,1
197,2006_07_PHI,0.2032612817595752,0.2116040955631399,0.2935153583617746,0.29161926431551,0
198,2006_07_PHX,0.1152635719905586,0.6915814319433518,0.1223446105428796,0.07081038552321,1
199,2006_07_POR,0.4719342152306042,0.3739721129781909,0.0,0.1540936717912048,0
200,2006_07_SAC,0.135765325310267,0.4016547574276043,0.2079729221511846,0.2546069951109439,0
201,2006_07_SAS,0.3766990291262135,0.4823300970873786,0.0,0.1409708737864077,1
202,2006_07_SEA,0.1997776130467012,0.5070422535211268,0.0,0.293180133432172,0
203,2006_07_TOR,0.2596153846153846,0.6627218934911243,0.0,0.0776627218934911,1
204,2006_07_UTA,0.2016317016317016,0.6293706293706294,0.0,0.168997668997669,1
205,2006_07_WAS,0.2943820224719101,0.549063670411985,0.0,0.1565543071161048,1
206,2007_08_ATL,0.0821175489787411,0.5819091288036682,0.1479783243017924,0.1879949979157982,1
207,2007_08_BOS,0.104984093319194,0.7090844821491694,0.0,0.1859314245316366,1
208,2007_08_CHA,0.2440210782326712,0.5974868261045805,0.0,0.1584920956627483,0
209,2007_08_CHI,0.1946064139941691,0.5488338192419825,0.1155247813411078,0.1410349854227405,0
210,2007_08_CLE,0.2439184746877054,0.2587113740959895,0.1328073635765943,0.3645627876397107,1
211,2007_08_DAL,0.3334398976982097,0.2944373401534527,0.2311381074168798,0.1409846547314578,1
212,2007_08_DEN,0.1574650077760497,0.588646967340591,0.1356920684292379,0.1181959564541213,1
213,2007_08_DET,0.3094599770202987,0.4955955572577556,0.0,0.1949444657219456,1
214,2007_08_GSW,0.2945318972659486,0.4308202154101077,0.1615575807787904,0.1130903065451532,0
215,2007_08_HOU,0.2732240437158469,0.419984387197502,0.1444184231069477,0.1623731459797033,1
216,2007_08_IND,0.4203556564510026,0.4869466515323495,0.0,0.0926976920166477,0
217,2007_08_LAC,0.350328947368421,0.5707236842105263,0.0,0.0789473684210526,0
218,2007_08_LAL,0.3138438325160316,0.4726518294983025,0.1429649188985288,0.0705394190871369,1
219,2007_08_MEM,0.2768385460693153,0.5236686390532543,0.0,0.1994928148774302,0
220,2007_08_MIA,0.2798544492226265,0.460800529275554,0.0,0.2593450215018194,0
221,2007_08_MIL,0.3472759226713532,0.551493848857645,0.0,0.1012302284710017,0
222,2007_08_MIN,0.1328331862312445,0.6778464254192409,0.0,0.1893203883495146,0
223,2007_08_NJN,0.2958602354728447,0.4158754272692745,0.0,0.2882643372578807,0
224,2007_08_NOH,0.4170153417015342,0.4518828451882846,0.1311018131101813,0.0,1
225,2007_08_NYK,0.3486342943854324,0.3740515933232169,0.0,0.2773141122913505,0
226,2007_08_ORL,0.4391408114558472,0.4140811455847255,0.1467780429594272,0.0,1
227,2007_08_PHI,0.1261802575107296,0.5416309012875536,0.0,0.3321888412017167,1
228,2007_08_PHX,0.1107988759534323,0.6611802488960256,0.0,0.2280208751505419,1
229,2007_08_POR,0.2305891533359344,0.463129145532579,0.1470932500975419,0.1591884510339445,0
230,2007_08_SAC,0.2061281337047353,0.6925487465181057,0.0,0.1013231197771587,0
231,2007_08_SAS,0.4854227405247814,0.3593294460641399,0.0,0.1552478134110787,1
232,2007_08_SEA,0.2730116175156389,0.2631814119749777,0.1300268096514745,0.3337801608579088,0
233,2007_08_TOR,0.1093148575827559,0.7594303310238646,0.0,0.1312548113933795,1
234,2007_08_UTA,0.1559461480927449,0.4528795811518325,0.2456993268511593,0.1454749439042633,1
235,2007_08_WAS,0.2593320235756385,0.3944990176817289,0.1567779960707269,0.1893909626719057,1
236,2008_09_ATL,0.1815487217487958,0.6013338273434605,0.1463505001852537,0.0707669507224898,1
237,2008_09_BOS,0.2325408618127786,0.3900445765230312,0.1225854383358098,0.2548291233283804,1
238,2008_09_CHA,0.3167072181670721,0.6832927818329277,0.0,0.0,0
239,2008_09_CHI,0.0448650543287767,0.8703119523308798,0.0,0.0848229933403434,1
240,2008_09_CLE,0.2952512044046799,0.2360633172746042,0.1297315898141775,0.3389538885065382,1
241,2008_09_DAL,0.2087238644556597,0.4589041095890411,0.1283345349675559,0.2040374909877433,1
242,2008_09_DEN,0.2618609783008459,0.5961750643618978,0.0,0.1419639573372563,1
243,2008_09_DET,0.25,0.5861716621253407,0.0,0.1638283378746594,1
244,2008_09_GSW,0.1566091954022988,0.5596264367816093,0.1422413793103448,0.1415229885057471,0
245,2008_09_HOU,0.3771152296535052,0.4149879129734085,0.0,0.2078968573730862,1
246,2008_09_IND,0.1849264705882353,0.6077205882352942,0.0,0.2073529411764705,0
247,2008_09_LAC,0.1770538243626062,0.6026912181303116,0.0,0.2202549575070821,0
248,2008_09_LAL,0.3205409356725146,0.412280701754386,0.2671783625730994,0.0,1
249,2008_09_MEM,0.1765930862140774,0.4414827155351936,0.0,0.3819241982507288,0
250,2008_09_MIA,0.4026996625421821,0.4694413198350206,0.0,0.1278590176227971,1
251,2008_09_MIL,0.4085315832649713,0.3728465955701394,0.1127973748974569,0.1058244462674323,0
252,2008_09_MIN,0.2214386459802539,0.5796897038081806,0.0,0.1988716502115656,0
253,2008_09_NJN,0.4633162142333088,0.3429933969185619,0.1349963316214233,0.0586940572267057,0
254,2008_09_NOH,0.5196248697464397,0.2351510941299062,0.1337269885376867,0.1114970475859673,1
255,2008_09_NYK,0.0998860615267755,0.7470565894417014,0.0,0.1530573490315229,0
256,2008_09_OKC,0.2396218660090423,0.4188244965063707,0.1335799424578709,0.2079736950267159,0
257,2008_09_ORL,0.3401749663526244,0.5397039030955585,0.1201211305518169,0.0,1
258,2008_09_PHI,0.2605574324324324,0.4138513513513513,0.1532939189189189,0.1722972972972973,1
259,2008_09_PHX,0.150074294205052,0.6875928677563152,0.0,0.162332838038633,0
260,2008_09_POR,0.2205714285714285,0.6068571428571428,0.0,0.1725714285714285,1
261,2008_09_SAC,0.1901521216973578,0.6925540432345877,0.0,0.1172938350680544,0
262,2008_09_SAS,0.5788359788359788,0.3336860670194004,0.0,0.0874779541446208,1
263,2008_09_TOR,0.1550285463328941,0.7580149319279754,0.0,0.0869565217391304,0
264,2008_09_UTA,0.2819211245607185,0.7180788754392816,0.0,0.0,1
265,2008_09_WAS,0.3130328867235079,0.5188794153471377,0.0,0.1680876979293544,0
266,2009_10_ATL,0.202020202020202,0.6549494949494951,0.143030303030303,0.0,1
267,2009_10_BOS,0.2402044293015332,0.4821124361158433,0.124701873935264,0.1529812606473594,1
268,2009_10_CHA,0.2141663882392248,0.577347143334447,0.0,0.2084864684263281,1
269,2009_10_CHI,0.1655867530597552,0.6637868970482361,0.0,0.1706263498920086,1
270,2009_10_CLE,0.2027950310559006,0.3850931677018633,0.1211180124223602,0.2909937888198757,1
271,2009_10_DAL,0.2097661623108666,0.3521320495185694,0.2527510316368638,0.1853507565337001,1
272,2009_10_DEN,0.2080903790087463,0.5860058309037902,0.0,0.2059037900874635,1
273,2009_10_DET,0.2995564653701807,0.533265097236438,0.0,0.167178437393381,0
274,2009_10_GSW,0.1929693343305908,0.4779356768885565,0.1353777112939417,0.193717277486911,0
275,2009_10_HOU,0.1628943758573388,0.5500685871056241,0.1251714677640603,0.1618655692729766,0
276,2009_10_IND,0.3113373113373113,0.513162513162513,0.0,0.1755001755001755,0
277,2009_10_LAC,0.2477064220183486,0.2804148384523335,0.2417231751096928,0.2301555644196251,0
278,2009_10_LAL,0.3464176829268293,0.6535823170731707,0.0,0.0,1
279,2009_10_MEM,0.2044013427825438,0.7955986572174563,0.0,0.0,0
280,2009_10_MIA,0.2700650759219089,0.4276934201012292,0.0986984815618221,0.2035430224150398,1
281,2009_10_MIL,0.2461480646373544,0.5697106350995867,0.0,0.184141300263059,1
282,2009_10_MIN,0.3617278966491724,0.5704481227291077,0.0,0.0678239806217198,0
283,2009_10_NJN,0.2647997164126196,0.4579936192839418,0.0801134349521446,0.1970932293512938,0
284,2009_10_NOH,0.4047076689445709,0.3451025056947607,0.2501898253606681,0.0,0
285,2009_10_NYK,0.2401805869074492,0.5914221218961626,0.1683972911963882,0.0,0
286,2009_10_OKC,0.0654439349729053,0.5339724885368904,0.1429762401000416,0.2576073363901625,1
287,2009_10_ORL,0.410108024691358,0.589891975308642,0.0,0.0,1
288,2009_10_PHI,0.3635695923613661,0.3701799485861182,0.0,0.2662504590525156,0
289,2009_10_PHX,0.1684128831975164,0.6992627085758633,0.0,0.1323244082266201,1
290,2009_10_POR,0.217169570760731,0.6498087547811305,0.0,0.1330216744581385,1
291,2009_10_SAC,0.4884630426280797,0.2436448963629253,0.2678920610089949,0.0,0
292,2009_10_SAS,0.2500984639621898,0.5955100433241434,0.0,0.1543914927136668,1
293,2009_10_TOR,0.2566641279512567,0.5936785986290938,0.0,0.1496572734196496,0
294,2009_10_UTA,0.1626677511183407,0.7242781618544123,0.0,0.1130540870272468,1
295,2009_10_WAS,0.2845249755142017,0.4167482859941234,0.0,0.2987267384916748,0
296,2010_11_ATL,0.3878383388950686,0.4849833147942158,0.1271783463107156,0.0,1
297,2010_11_BOS,0.1741863905325444,0.3690828402366864,0.2659023668639053,0.1908284023668639,1
298,2010_11_CHA,0.3227973133148953,0.1327538522323192,0.2757803239826155,0.2686685104701699,0
299,2010_11_CHI,0.2773138482950591,0.4377174669450243,0.1301322199025747,0.1548364648573416,1
300,2010_11_CLE,0.3131569409206234,0.5233780355201161,0.0,0.1634650235592606,0
301,2010_11_DAL,0.31120826709062,0.3728139904610492,0.1319554848966613,0.1840222575516693,1
302,2010_11_DEN,0.175820707070707,0.6575126262626263,0.1152146464646464,0.0514520202020202,1
303,2010_11_DET,0.3737302977232925,0.4105078809106831,0.0,0.2157618213660245,0
304,2010_11_GSW,0.3188933381871132,0.5402257007644704,0.0,0.1408809610484164,0
305,2010_11_HOU,0.2783882783882784,0.2649572649572649,0.3251933251933252,0.1314611314611314,0
306,2010_11_IND,0.3686006825938566,0.4808873720136519,0.0,0.1505119453924914,1
307,2010_11_LAC,0.3851590106007067,0.3655280722418532,0.1488025127601099,0.1005104043973302,0
308,2010_11_LAL,0.3853527607361963,0.3427914110429447,0.2718558282208588,0.0,1
309,2010_11_MEM,0.2226548672566371,0.7773451327433628,0.0,0.0,1
310,2010_11_MIA,0.4659815733522325,0.2087172218284904,0.2689581856839121,0.0563430191353649,1
311,2010_11_MIL,0.2823408624229979,0.3025325119780972,0.1177275838466803,0.2973990417522245,0
312,2010_11_MIN,0.3824451410658308,0.3859717868338558,0.0,0.2315830721003134,0
313,2010_11_NJN,0.2998846597462515,0.5932333717800847,0.0,0.1068819684736639,0
314,2010_11_NOH,0.4087301587301587,0.3813131313131314,0.0,0.2099567099567099,1
315,2010_11_NYK,0.3672338741590819,0.6327661258409181,0.0,0.0,1
316,2010_11_OKC,0.1924210526315789,0.3852631578947368,0.1461052631578947,0.2762105263157895,1
317,2010_11_ORL,0.2484607026439696,0.5432814197754438,0.1137269105396595,0.0945309670409272,1
318,2010_11_PHI,0.309727626459144,0.0906614785992217,0.2809338521400778,0.3186770428015564,1
319,2010_11_PHX,0.1351858805858054,0.647390161472024,0.0,0.2174239579421704,0
320,2010_11_POR,0.04607250755287,0.8553625377643505,0.0,0.0985649546827794,1
321,2010_11_SAC,0.3339790778767919,0.4819837272375047,0.0,0.1840371948857032,0
322,2010_11_SAS,0.19770206022187,0.4809825673534073,0.1125198098256735,0.2087955625990491,1
323,2010_11_TOR,0.0593699515347334,0.688610662358643,0.0,0.2520193861066236,0
324,2010_11_UTA,0.3758765778401121,0.5550490883590462,0.0,0.0690743338008415,0
325,2010_11_WAS,0.1608629825889477,0.3697956093868282,0.3406510219530658,0.1286903860711582,0
326,2011_12_ATL,0.3981762917933131,0.4943009118541034,0.0,0.1075227963525835,1
327,2011_12_BOS,0.3318725099601594,0.3948207171314741,0.147011952191235,0.1262948207171314,1
328,2011_12_CHA,0.2536302032913843,0.3030009680542109,0.1316553727008712,0.3117134559535334,0
329,2011_12_CHI,0.3041958041958042,0.409527972027972,0.1328671328671328,0.1534090909090909,1
330,2011_12_CLE,0.1161872532430908,0.6638465877044557,0.0,0.2199661590524534,0
331,2011_12_DAL,0.1993534482758621,0.5991379310344828,0.0,0.2015086206896552,1
332,2011_12_DEN,0.0,0.688767550702028,0.0,0.3112324492979719,1
333,2011_12_DET,0.2809309922417312,0.6271947733768884,0.0,0.0918742343813801,0
334,2011_12_GSW,0.7369791666666667,0.1015625,0.1614583333333333,0.0,0
335,2011_12_HOU,0.0934891485809682,0.4870617696160267,0.1339732888146911,0.2854757929883138,0
336,2011_12_IND,0.1443674808603718,0.7305869485964274,0.0,0.1250455705432009,1
337,2011_12_LAC,0.1756156641098102,0.6241421073879694,0.0,0.2002422285022204,1
338,2011_12_LAL,0.2231884057971014,0.6219461697722567,0.1548654244306418,0.0,1
339,2011_12_MEM,0.1113066432028156,0.7127144742630884,0.0,0.1759788825340959,1
340,2011_12_MIA,0.3251377702416278,0.56973293768546,0.0,0.1051292920729122,1
341,2011_12_MIL,0.2448842670244884,0.4250251593425025,0.087889969808789,0.2422006038242201,0
342,2011_12_MIN,0.4466969591052079,0.4652219503670045,0.0880810905277874,0.0,0
343,2011_12_NJN,0.3610326744655103,0.5502218636546995,0.0,0.0887454618797902,0
344,2011_12_NOH,0.1272944932162809,0.3531524341580208,0.1356743814844373,0.3838786911412609,0
345,2011_12_NYK,0.1070215175537938,0.5118912797281994,0.1930917327293318,0.187995469988675,1
346,2011_12_OKC,0.3213881554130516,0.3972086005281026,0.1022255752546208,0.1791776688042248,1
347,2011_12_ORL,0.1908221797323135,0.7196940726577438,0.0,0.0894837476099426,1
348,2011_12_PHI,0.2385008517887564,0.6098807495741057,0.151618398637138,0.0,1
349,2011_12_PHX,0.3100381194409148,0.6306649724692927,0.0,0.0592969080897924,0
350,2011_12_POR,0.1699316628701594,0.7252847380410024,0.0,0.1047835990888382,0
351,2011_12_SAC,0.2784297855119385,0.6167543504653985,0.0,0.1048158640226628,0
352,2011_12_SAS,0.3120539254559873,0.528152260111023,0.0,0.1597938144329896,1
353,2011_12_TOR,0.076527991782229,0.4648176682074987,0.0,0.4586543400102722,0
354,2011_12_UTA,0.304220643543669,0.6071876305892185,0.0,0.0885917258671124,1
355,2011_12_WAS,0.2693621867881549,0.3621867881548975,0.0,0.3684510250569476,0
356,2012_13_ATL,0.3962480857580398,0.5202909647779479,0.0,0.0834609494640122,1
357,2012_13_BKN,0.2344422700587084,0.5232876712328767,0.0,0.2422700587084149,1
358,2012_13_BOS,0.2892684738210174,0.3200891199405867,0.2146305235796509,0.1760118826587449,1
359,2012_13_CHA,0.1728624535315985,0.4245353159851301,0.0,0.4026022304832714,0
360,2012_13_CHI,0.0983263598326359,0.6949093444909346,0.1283124128312412,0.0784518828451883,1
361,2012_13_CLE,0.4013484740951029,0.446415897799858,0.0,0.152235628105039,0
362,2012_13_DAL,0.2428469241773963,0.5432761087267526,0.0,0.2138769670958512,0
363,2012_13_DEN,0.0349293563579277,0.6699372056514914,0.1361852433281004,0.1589481946624804,1
364,2012_13_DET,0.2774990351215746,0.3045156310304902,0.2423774604399845,0.1756078734079506,0
365,2012_13_GSW,0.214374740340673,0.5363523057748234,0.1528874117158288,0.0963855421686746,1
366,2012_13_HOU,0.3523736009262832,0.2643766885372443,0.1478193747587803,0.2354303357776919,1
367,2012_13_IND,0.2294440093970243,0.2494126859827721,0.3903680501174628,0.1307752545027408,1
368,2012_13_LAC,0.252016129032258,0.4387096774193548,0.1310483870967742,0.1782258064516129,1
369,2012_13_LAL,0.2660857908847184,0.4138739946380697,0.242627345844504,0.0774128686327077,1
370,2012_13_MEM,0.2824037706205813,0.638648860958366,0.0,0.0789473684210526,1
371,2012_13_MIA,0.3962264150943396,0.3436139332365747,0.1375181422351233,0.1226415094339622,1
372,2012_13_MIL,0.0955113061086736,0.4390820114748566,0.0921363482956463,0.3732703341208235,1
373,2012_13_MIN,0.16532428995337,0.602373887240356,0.1259008054260279,0.1064010173802458,0
374,2012_13_NOH,0.3273418596612513,0.3104044244728655,0.1189077082613204,0.2433460076045627,0
375,2012_13_NYK,0.4414157851912124,0.4251423921887713,0.0,0.1334418226200162,1
376,2012_13_OKC,0.1640752864157119,0.3531096563011456,0.3003273322422258,0.1824877250409165,1
377,2012_13_ORL,0.4302186878727634,0.5033797216699802,0.0,0.0664015904572564,0
378,2012_13_PHI,0.4908874801901743,0.2769413629160063,0.1485736925515055,0.0835974643423138,0
379,2012_13_PHX,0.4288249911253106,0.3954561590344337,0.0,0.1757188498402555,0
380,2012_13_POR,0.2490421455938697,0.4256704980842912,0.1471264367816092,0.1781609195402299,0
381,2012_13_SAC,0.4102755026061057,0.3723008190618019,0.1135517498138495,0.1038719285182427,0
382,2012_13_SAS,0.3562412342215989,0.479312762973352,0.1153576437587657,0.0490883590462833,1
383,2012_13_TOR,0.3081712062256809,0.3715953307392996,0.1155642023346303,0.2046692607003891,0
384,2012_13_UTA,0.331805359661495,0.5320874471086037,0.0,0.1361071932299012,0
385,2012_13_WAS,0.2974223397224058,0.4834765366820885,0.0,0.2191011235955056,0
386,2013_14_ATL,0.4197388632872504,0.3771121351766513,0.1286482334869431,0.0745007680491551,1
387,2013_14_BKN,0.3221425877027536,0.4481327800829875,0.0,0.2297246322142587,1
388,2013_14_BOS,0.2666965486329,0.396683101748095,0.0,0.3366203496190049,0
389,2013_14_CHA,0.4647626112759644,0.2485163204747774,0.1327893175074184,0.1539317507418398,1
390,2013_14_CHI,0.1332275971451229,0.61340206185567,0.1395717684377478,0.1137985725614591,1
391,2013_14_CLE,0.154335453632407,0.4790759959825912,0.1178439906260462,0.2487445597589554,0
392,2013_14_DAL,0.2664768104149715,0.5122050447518308,0.0,0.2213181448331977,1
393,2013_14_DEN,0.3357191547375597,0.4989775051124744,0.0,0.1653033401499659,0
394,2013_14_DET,0.2494793835901707,0.7505206164098293,0.0,0.0,0
395,2013_14_GSW,0.0417789757412399,0.509433962264151,0.2921159029649596,0.1566711590296496,1
396,2013_14_HOU,0.1813435433344936,0.4204664114166377,0.2328576400974591,0.1653324051514097,1
397,2013_14_IND,0.2610371408549404,0.3265592151366503,0.2505255781359495,0.1618780658724597,1
398,2013_14_LAC,0.2646048109965636,0.5285223367697596,0.1230240549828178,0.0838487972508591,1
399,2013_14_LAL,0.3489329839011606,0.5102957693747661,0.0,0.1407712467240734,0
400,2013_14_MEM,0.3145797598627788,0.5753001715265867,0.0,0.1101200686106346,1
401,2013_14_MIA,0.3738019169329074,0.4235001774937878,0.1338303159389421,0.0688675896343628,1
402,2013_14_MIL,0.1972954230235783,0.495145631067961,0.0,0.3075589459084604,0
403,2013_14_MIN,0.2767595307917888,0.3482404692082111,0.251099706744868,0.1239002932551319,0
404,2013_14_NOP,0.3435083435083434,0.3683353683353683,0.1147741147741147,0.1733821733821733,0
405,2013_14_NYK,0.3790157211209843,0.4405331510594669,0.0,0.1804511278195489,0
406,2013_14_OKC,0.3571681415929204,0.2173451327433628,0.2449557522123894,0.1805309734513274,1
407,2013_14_ORL,0.2886928628708901,0.5176423416198878,0.1246992782678428,0.0689655172413793,0
408,2013_14_PHI,0.3569657907783837,0.2563212692117005,0.2925136341100644,0.0941993058998512,0
409,2013_14_PHX,0.1269598470363288,0.6776290630975144,0.0,0.1954110898661568,0
410,2013_14_POR,0.1522699879469666,0.5251104861390117,0.1446364001607071,0.1779831257533145,1
411,2013_14_SAC,0.4986105597459309,0.2663755458515284,0.1377530766177054,0.0972608177848352,0
412,2013_14_SAS,0.3354105571847507,0.6645894428152492,0.0,0.0,1
413,2013_14_TOR,0.3380692167577414,0.3224043715846995,0.1318761384335155,0.2076502732240437,1
414,2013_14_UTA,0.2430581970330924,0.5857740585774057,0.0,0.1711677443895017,0
415,2013_14_WAS,0.2517702596380802,0.3914240755310779,0.1428009441384736,0.2140047206923682,1
416,2014_15_ATL,0.3232593726090282,0.5600612088752869,0.1166794185156847,0.0,1
417,2014_15_BKN,0.3206312548113934,0.5973826020015397,0.0,0.081986143187067,1
418,2014_15_BOS,0.1907946498819827,0.4189614476789929,0.1085759244689221,0.2816679779701023,1
419,2014_15_CHA,0.272637471188673,0.388541323674679,0.0,0.338821205136648,0
420,2014_15_CHI,0.2653631284916201,0.5324720670391062,0.0,0.2021648044692737,1
421,2014_15_CLE,0.300951755825402,0.4095831965868067,0.1184771906793567,0.1709878569084345,1
422,2014_15_DAL,0.278941565600882,0.3542815141492098,0.1091510474090407,0.2576258728408673,1
423,2014_15_DEN,0.4232472324723247,0.4398523985239852,0.0,0.13690036900369,0
424,2014_15_DET,0.4293806646525679,0.459214501510574,0.111404833836858,0.0,0
425,2014_15_GSW,0.1690566037735849,0.4520754716981132,0.1188679245283018,0.26,1
426,2014_15_HOU,0.2988617886178862,0.4881300813008131,0.1196747967479675,0.0933333333333333,1
427,2014_15_IND,0.2596925133689839,0.3689839572192513,0.0985962566844919,0.2727272727272727,0
428,2014_15_LAC,0.2433925049309664,0.6193293885601578,0.1372781065088757,0.0,1
429,2014_15_LAL,0.3556953179594689,0.2606568832983927,0.0,0.3836477987421384,0
430,2014_15_MEM,0.2371794871794872,0.7002262443438916,0.0,0.0625942684766214,1
431,2014_15_MIA,0.1417019638043896,0.6322680015402387,0.091644204851752,0.1343858298036195,0
432,2014_15_MIL,0.2548939641109298,0.5375203915171288,0.132952691680261,0.0746329526916802,1
433,2014_15_MIN,0.4497773379515091,0.4497773379515092,0.0,0.1004453240969817,0
434,2014_15_NOP,0.2679372197309417,0.3613602391629298,0.1270553064275037,0.2436472346786248,1
435,2014_15_NYK,0.4315352697095436,0.2597510373443983,0.0,0.3087136929460581,0
436,2014_15_OKC,0.4740374425997881,0.2144118685976687,0.1215118332744613,0.1900388555280819,0
437,2014_15_ORL,0.3964417589795233,0.4474655924806981,0.1017119838872104,0.0543806646525679,0
438,2014_15_PHI,0.5988749459108611,0.2540025962786672,0.0,0.1471224578104716,0
439,2014_15_PHX,0.3213991769547325,0.3662551440329218,0.1423868312757201,0.1699588477366255,0
440,2014_15_POR,0.3168659534298301,0.5361862806796729,0.0,0.1469477658904971,1
441,2014_15_SAC,0.4567776656575849,0.3457786747393205,0.1146989572822065,0.082744702320888,0
442,2014_15_SAS,0.3344132469402447,0.5615550755939525,0.1040316774658027,0.0,1
443,2014_15_TOR,0.2488354037267081,0.4130434782608696,0.1339285714285714,0.2041925465838509,1
444,2014_15_UTA,0.1922054915854738,0.6036315323294951,0.0,0.204162976085031,0
445,2014_15_WAS,0.3222423146473779,0.437251356238698,0.0,0.240506329113924,1
446,2015_16_ATL,0.3551542513167795,0.6448457486832204,0.0,0.0,1
447,2015_16_BKN,0.3638170974155069,0.5720675944333996,0.0,0.0641153081510934,0
448,2015_16_BOS,0.1093495934959349,0.5910569105691057,0.1109756097560975,0.1886178861788618,1
449,2015_16_CHA,0.2080057183702644,0.496783416726233,0.1250893495353824,0.1701215153681201,1
450,2015_16_CHI,0.4270086759713315,0.2138815541305167,0.2591474915126367,0.0999622783855148,0
451,2015_16_CLE,0.2442489851150203,0.4827469553450609,0.1204330175913396,0.1525710419485791,1
452,2015_16_DAL,0.2347417840375586,0.5550740339472733,0.0989526905019862,0.1112314915131816,1
453,2015_16_DEN,0.3219607843137255,0.4937254901960784,0.0,0.1843137254901961,0
454,2015_16_DET,0.2415637860082304,0.6958847736625514,0.0,0.0625514403292181,1
455,2015_16_GSW,0.2354394634662902,0.3893399223438052,0.2432050829509354,0.1320155312389693,1
456,2015_16_HOU,0.3279263480929417,0.4213064445418676,0.1670320035072336,0.083735203857957,1
457,2015_16_IND,0.3459312223357167,0.4276472591079333,0.0,0.22642151855635,1
458,2015_16_LAC,0.360062893081761,0.5876572327044024,0.0,0.0522798742138364,1
459,2015_16_LAL,0.1451942740286298,0.4793456032719836,0.1153374233128834,0.260122699386503,0
460,2015_16_MEM,0.3019102990033222,0.1303986710963455,0.385797342192691,0.1818936877076412,1
461,2015_16_MIA,0.1840937896070975,0.5865019011406843,0.0922053231939163,0.1371989860583016,1
462,2015_16_MIL,0.2419243986254295,0.5298969072164947,0.1213058419243986,0.1068728522336769,0
463,2015_16_MIN,0.303872437357631,0.5726651480637813,0.0,0.1234624145785877,0
464,2015_16_NOP,0.2782639131956598,0.6100805040252013,0.0,0.1116555827791389,0
465,2015_16_NYK,0.4996315401621223,0.3570375829034635,0.0,0.1433308769344141,0
466,2015_16_OKC,0.3494643516808275,0.2205393424455117,0.25932766900628,0.1706686368673809,1
467,2015_16_ORL,0.4773413897280967,0.2409365558912387,0.2356495468277946,0.04607250755287,0
468,2015_16_PHI,0.4430528375733855,0.4395303326810176,0.0,0.1174168297455968,0
469,2015_16_PHX,0.4676386913229018,0.1678520625889046,0.1280227596017069,0.2364864864864864,0
470,2015_16_POR,0.3308564724286273,0.4884630426280798,0.0,0.1806804849432929,1
471,2015_16_SAC,0.3096951010620075,0.3127783487495717,0.2391229873244261,0.1384035628639945,0
472,2015_16_SAS,0.5250166777851902,0.47498332221481,0.0,0.0,1
473,2015_16_TOR,0.3502321981424149,0.4214396284829722,0.1431888544891641,0.0851393188854489,1
474,2015_16_UTA,0.4641537324464154,0.4881744271988175,0.0,0.0476718403547671,0
475,2015_16_WAS,0.3659433615299742,0.3902169915410077,0.1331371827877896,0.1107024641412284,0
476,2016_17_ATL,0.4028581150051037,0.5971418849948962,0.0,0.0,1
477,2016_17_BKN,0.7701680672268908,0.2298319327731092,0.0,0.0,0
478,2016_17_BOS,0.2613760465962869,0.7386239534037131,0.0,0.0,1
479,2016_17_CHA,0.2127008416220352,0.4399387911247131,0.1300688599846978,0.2172915072685539,0
480,2016_17_CHI,0.4173285198555956,0.1945848375451263,0.2299638989169675,0.1581227436823104,1
481,2016_17_CLE,0.488832163369496,0.2948308870453096,0.1206126356094448,0.0957243139757498,1
482,2016_17_DAL,0.2748560460652591,0.5800383877159309,0.0,0.14510556621881,0
483,2016_17_DEN,0.1594841145014155,0.5580371185907518,0.0877634476250393,0.1947153192827933,0
484,2016_17_DET,0.1402105263157894,0.7507368421052631,0.0,0.1090526315789473,0
485,2016_17_GSW,0.2680983720124697,0.4703844821614132,0.2282646345687565,0.0332525112573605,1
486,2016_17_HOU,0.0693554466641537,0.7244628722201282,0.1372031662269129,0.0689785148888051,1
487,2016_17_IND,0.3834970530451866,0.6165029469548134,0.0,0.0,1
488,2016_17_LAC,0.3141001146350783,0.4356132976690867,0.2502865876958349,0.0,1
489,2016_17_LAL,0.3086466165413534,0.3150375939849624,0.1082706766917293,0.2680451127819548,0
490,2016_17_MEM,0.2095199349064279,0.4304312449145647,0.1391375101708706,0.2209113100081366,1
491,2016_17_MIA,0.2468714448236632,0.5745164960182025,0.0,0.1786120591581342,0
492,2016_17_MIL,0.5464121132323899,0.1856484529295589,0.2040816326530612,0.0638578011849901,1
493,2016_17_MIN,0.3572208075663877,0.270643870498363,0.2542742815569297,0.1178610403783193,0
494,2016_17_NOP,0.386220281416788,0.3338185346918971,0.2799611838913149,0.0,0
495,2016_17_NYK,0.3044123099740453,0.4875787912495365,0.0,0.2080088987764182,0
496,2016_17_OKC,0.3468013468013468,0.3486719042274597,0.1294425738870183,0.175084175084175,1
497,2016_17_ORL,0.1543134872417983,0.6371000405022276,0.1190765492102065,0.0895099230457675,0
498,2016_17_PHI,0.4402220324508967,0.4628522630230572,0.0,0.0969257045260461,0
499,2016_17_PHX,0.4403973509933774,0.206401766004415,0.1214128035320088,0.2317880794701987,0
500,2016_17_POR,0.3029845107669059,0.4865885908575746,0.0,0.2104268983755194,1
501,2016_17_SAC,0.5633620689655172,0.2422413793103448,0.1081896551724138,0.0862068965517241,0
502,2016_17_SAS,0.2659090909090909,0.5969696969696969,0.0,0.1371212121212121,1
503,2016_17_TOR,0.3923880094307847,0.3947457056247894,0.1259683395082519,0.0868979454361737,1
504,2016_17_UTA,0.4924165824064712,0.4277047522750253,0.0,0.0798786653185035,1
505,2016_17_WAS,0.2176771365960555,0.6683710737764792,0.0,0.1139517896274653,1
506,2017_18_ATL,0.432396839332748,0.4942932396839333,0.0,0.0733099209833187,0
507,2017_18_BKN,0.295505617977528,0.5333333333333333,0.09625468164794,0.0749063670411985,0
508,2017_18_BOS,0.1850380668652763,0.6011254551473022,0.1532605097649784,0.0605759682224429,1
509,2017_18_CHA,0.3141559424678274,0.3198334595003785,0.117335352006056,0.2486752460257381,0
510,2017_18_CHI,0.3668488160291439,0.3865209471766849,0.0,0.2466302367941712,0
511,2017_18_CLE,0.2701655512504403,0.4529764001408946,0.1299753434307854,0.1468827051778795,1
512,2017_18_DAL,0.2060383516931864,0.5862913096695226,0.1211750305997551,0.0864953080375356,0
513,2017_18_DEN,0.2057291666666666,0.5681423611111112,0.1414930555555555,0.0846354166666666,0
514,2017_18_DET,0.5052276559865093,0.3801011804384485,0.1146711635750421,0.0,0
515,2017_18_GSW,0.5376605345366192,0.2301284276292954,0.2322110378340854,0.0,1
516,2017_18_HOU,0.1048543689320388,0.6304207119741101,0.2174757281553398,0.0472491909385113,1
517,2017_18_IND,0.1367069486404833,0.7707703927492446,0.0,0.0925226586102719,1
518,2017_18_LAC,0.3324656005950167,0.4871699516548903,0.0,0.1803644477500929,0
519,2017_18_LAL,0.3402575820523473,0.4067303697548816,0.2530120481927711,0.0,0
520,2017_18_MEM,0.3189964157706093,0.3633512544802867,0.1478494623655914,0.1698028673835125,0
521,2017_18_MIA,0.2365474900686168,0.6005778259299386,0.0,0.1628746840014445,1
522,2017_18_MIL,0.3865288939915806,0.1144278606965174,0.3999234596249522,0.0991197856869498,1
523,2017_18_MIN,0.2514642717688403,0.6825458805154236,0.0,0.065989847715736,1
524,2017_18_NOP,0.3782125047947833,0.1043344840813195,0.5174530111238973,0.0,1
525,2017_18_NYK,0.2740683229813664,0.3722826086956521,0.0970496894409937,0.2565993788819876,0
526,2017_18_OKC,0.3645498392282958,0.407556270096463,0.1463022508038585,0.0815916398713826,1
527,2017_18_ORL,0.4086429112964367,0.3582259287338893,0.1118271417740712,0.1213040181956027,0
528,2017_18_PHI,0.1141502552881108,0.6243617797228301,0.2049598832968636,0.0565280816921954,1
529,2017_18_PHX,0.4034635224760501,0.3242446573323508,0.1057479734708916,0.1665438467207074,0
530,2017_18_POR,0.4072887464957949,0.5170204245094113,0.0,0.0756908289947937,1
531,2017_18_SAC,0.5116099071207431,0.4125386996904025,0.0,0.0758513931888545,0
532,2017_18_SAS,0.5295209803193465,0.3033791310805792,0.0872632751578165,0.0798366134422577,1
533,2017_18_TOR,0.3198146002317497,0.3974507531865585,0.1243723445345693,0.1583623020471224,1
534,2017_18_UTA,0.2895357985837923,0.6003147128245476,0.0,0.1101494885916601,1
535,2017_18_WAS,0.1769778777652793,0.6722909636295463,0.0,0.1507311586051743,1
536,2018_19_ATL,0.5534591194968554,0.3250786163522012,0.1214622641509434,0.0,0
537,2018_19_BKN,0.3226050738356683,0.431276031806134,0.0,0.2461188943581976,1
538,2018_19_BOS,0.1131305637982195,0.5971810089020771,0.2299703264094955,0.0597181008902077,1
539,2018_19_CHA,0.4796647004036014,0.3529959639863397,0.0,0.1673393356100589,0
540,2018_19_CHI,0.4153225806451614,0.4270833333333335,0.0,0.1575940860215054,0
541,2018_19_CLE,0.394273127753304,0.4022026431718062,0.0,0.2035242290748898,0
542,2018_19_DAL,0.6355100298762271,0.2270593256508749,0.137430644472898,0.0,0
543,2018_19_DEN,0.3817381738173817,0.4261092775944261,0.1147781444811147,0.0773744041070773,1
544,2018_19_DET,0.6577919772807952,0.2179623713170039,0.1242456514022009,0.0,1
545,2018_19_GSW,0.3838056680161943,0.4012145748987855,0.140080971659919,0.0748987854251012,1
546,2018_19_HOU,0.3641858707971287,0.3758972421609369,0.2599168870419342,0.0,1
547,2018_19_IND,0.3477935676888556,0.5594614809274494,0.0,0.0927449513836948,1
548,2018_19_LAC,0.4373764007910349,0.3642056690837178,0.087673038892551,0.1107448912326961,1
549,2018_19_LAL,0.4371951219512195,0.2042682926829268,0.2905487804878049,0.0679878048780488,0
550,2018_19_MEM,0.2358636715724244,0.353989155693261,0.2029434546862897,0.2072037180480248,0
551,2018_19_MIA,0.2927152317880794,0.3858719646799117,0.1156732891832229,0.2057395143487858,0
552,2018_19_MIL,0.4295819935691318,0.3713826366559485,0.1990353697749196,0.0,1
553,2018_19_MIN,0.1573078454798885,0.6925527678215851,0.0,0.1501393866985265,0
554,2018_19_NOP,0.4859359844810863,0.222437762689945,0.1952796637568703,0.0963465890720982,0
555,2018_19_NYK,0.3764418035651869,0.2754281719678434,0.1723173715484096,0.1758126529185599,0
556,2018_19_OKC,0.3142426525998492,0.3594574227581009,0.274679728711379,0.0516201959306706,1
557,2018_19_ORL,0.3396378269617706,0.4820925553319919,0.1263581488933601,0.0519114688128772,1
558,2018_19_PHI,0.4157156830779263,0.3247473100749918,0.2213889794587545,0.0381480273883273,1
559,2018_19_PHX,0.4605809128630705,0.4854771784232365,0.0,0.0539419087136929,0
560,2018_19_POR,0.1786327722432154,0.3905874270010305,0.2861559601511507,0.1446238406046032,1
561,2018_19_SAC,0.1025543271063667,0.6199008768585589,0.1197102554327106,0.1578345406023637,0
562,2018_19_SAS,0.4578884934756821,0.3388691182285488,0.1379992091735864,0.0652431791221826,1
563,2018_19_TOR,0.143646408839779,0.6173112338858195,0.2390423572744014,0.0,1
564,2018_19_UTA,0.3206521739130434,0.5892857142857142,0.0,0.0900621118012422,1
565,2018_19_WAS,0.2728758169934641,0.4660947712418301,0.2610294117647059,0.0,0
566,2019_20_ATL,0.2940552016985138,0.524062278839349,0.1249115357395612,0.056970983722576,0
567,2019_20_BKN,0.2635017421602788,0.3963414634146341,0.1289198606271777,0.2112369337979094,1
568,2019_20_BOS,0.1489040060468631,0.6957671957671957,0.0,0.155328798185941,1
569,2019_20_CHA,0.3322383857343969,0.4683247301736273,0.0,0.1994368840919755,0
570,2019_20_CHI,0.2768974145120934,0.7231025854879065,0.0,0.0,0
571,2019_20_CLE,0.2779540047581285,0.6022997620935765,0.0,0.119746233148295,0
572,2019_20_DAL,0.4425662696888205,0.3503649635036496,0.1290818286592393,0.0779869381482904,1
573,2019_20_DEN,0.3023338048090523,0.5233380480905233,0.1131541725601131,0.0611739745403111,1
574,2019_20_DET,0.7122040072859744,0.1578627808136004,0.0,0.129933211900425,0
575,2019_20_GSW,0.1208017334777898,0.429035752979415,0.3401950162513543,0.1099674972914409,0
576,2019_20_HOU,0.3141104294478528,0.3893660531697341,0.2965235173824131,0.0,1
577,2019_20_IND,0.2858837485172005,0.5765124555160143,0.1376037959667853,0.0,1
578,2019_20_LAC,0.2081399500178507,0.6104962513388075,0.1156729739378793,0.0656908247054623,1
579,2019_20_LAL,0.3823321554770318,0.3699646643109541,0.1222614840989399,0.1254416961130742,1
580,2019_20_MEM,0.3673894912427022,0.3206839032527105,0.2393661384487072,0.0725604670558798,0
581,2019_20_MIA,0.3288903698767078,0.4465178273908697,0.2245918027324225,0.0,1
582,2019_20_MIL,0.5150442477876106,0.3773451327433628,0.1076106194690265,0.0,1
583,2019_20_MIN,0.767123287671233,0.2328767123287671,0.0,0.0,0
584,2019_20_NOP,0.345136186770428,0.2342412451361867,0.2599221789883268,0.1607003891050583,0
585,2019_20_NYK,0.43470715835141,0.2728850325379609,0.120173535791757,0.172234273318872,0
586,2019_20_OKC,0.2650787552823666,0.4556281213983866,0.133307721859393,0.145985401459854,1
587,2019_20_ORL,0.2977346278317152,0.4167565623876303,0.2164688960805466,0.0690399137001078,1
588,2019_20_PHI,0.3498085624782457,0.5269752871562826,0.1232161503654716,0.0,1
589,2019_20_PHX,0.258932324506095,0.610760823875578,0.130306851618327,0.0,0
590,2019_20_POR,0.3002544529262086,0.4134860050890585,0.1590330788804071,0.1272264631043257,1
591,2019_20_SAC,0.1276440554339898,0.6524434719183079,0.0,0.2199124726477024,0
592,2019_20_SAS,0.487719298245614,0.4432748538011696,0.0,0.0690058479532163,0
593,2019_20_TOR,0.0988497483824586,0.6563623292595255,0.1301222142343638,0.114665708123652,1
594,2019_20_UTA,0.1615566037735848,0.8384433962264151,0.0,0.0,1
595,2019_20_WAS,0.3159582999198075,0.5878107457898958,0.0962309542902967,0.0,0
596,2020_21_ATL,0.2533733133433283,0.633808095952024,0.1128185907046476,0.0,1
597,2020_21_BKN,0.1708229426433915,0.4933499584372403,0.1521197007481297,0.1837073981712385,1
598,2020_21_BOS,0.2585494175122134,0.3660278090943254,0.1345358887636226,0.2408868846298383,1
599,2020_21_CHA,0.2804532577903683,0.4988983317595217,0.0906515580736544,0.1299968523764558,0
600,2020_21_CHI,0.3904368765049879,0.4943240454076367,0.1152390780873752,0.0,0
601,2020_21_CLE,0.3780008729812309,0.4399825403753819,0.0,0.1820165866433871,0
602,2020_21_DAL,0.4531743247983164,0.426517011574886,0.1203086636267976,0.0,1
603,2020_21_DEN,0.2765391014975042,0.4672212978369385,0.2073211314475874,0.04891846921797,1
604,2020_21_DET,0.3293617021276596,0.465531914893617,0.1140425531914893,0.091063829787234,0
605,2020_21_GSW,0.21238570241064,0.5777223607647548,0.1309226932668329,0.0789692435577722,0
606,2020_21_HOU,0.4289340101522842,0.5710659898477156,0.0,0.0,0
607,2020_21_IND,0.3890168970814132,0.3728878648233487,0.2380952380952381,0.0,0
608,2020_21_LAC,0.4715178243292907,0.4465270121278941,0.0,0.0819551635428151,1
609,2020_21_LAL,0.3335640138408304,0.4716262975778547,0.1155709342560553,0.0792387543252595,1
610,2020_21_MEM,0.298069498069498,0.505019305019305,0.1258687258687258,0.071042471042471,1
611,2020_21_MIA,0.3365010799136069,0.3736501079913606,0.2898488120950324,0.0,1
612,2020_21_MIL,0.3533778767631774,0.524127691165553,0.1224944320712694,0.0,1
613,2020_21_MIN,0.4868274582560296,0.4471243042671613,0.0,0.0660482374768089,0
614,2020_21_NOP,0.2475145697634556,0.4316078162495715,0.203976688378471,0.1169009256085019,0
615,2020_21_NYK,0.2710386656557998,0.4158453373768006,0.1425322213798332,0.1705837755875663,1
616,2020_21_OKC,0.5341312056737588,0.3936170212765957,0.0,0.0722517730496453,0
617,2020_21_ORL,0.4348785871964679,0.4525386313465783,0.0,0.1125827814569536,0
618,2020_21_PHI,0.2943754565376187,0.5241051862673484,0.1183345507669832,0.0631848064280496,1
619,2020_21_PHX,0.3294663573085847,0.5491105955143079,0.1214230471771075,0.0,1
620,2020_21_POR,0.2258474576271186,0.6707627118644068,0.0,0.1033898305084745,1
621,2020_21_SAC,0.0745446844557391,0.8017789072426937,0.0,0.1236764083015671,0
622,2020_21_SAS,0.3005366726296958,0.3747763864042934,0.1426654740608229,0.1820214669051878,0
623,2020_21_TOR,0.3254090768755788,0.3862303179993824,0.217968508799012,0.0703920963260265,0
624,2020_21_UTA,0.1271251931993817,0.8137557959814526,0.0,0.0591190108191653,1
625,2020_21_WAS,0.4143349942506708,0.257953238788808,0.1395170563434266,0.1881947106170947,1
626,2021_22_ATL,0.1937765205091938,0.6354314002828856,0.0,0.1707920792079208,1
627,2021_22_BKN,0.3960964408725603,0.3069269039418293,0.1423650975889782,0.1546115575966322,1
628,2021_22_BOS,0.1764705882352941,0.5805459438677432,0.2429834678969626,0.0,1
629,2021_22_CHA,0.1753954305799648,0.4249560632688928,0.2319859402460456,0.1676625659050966,0
630,2021_22_CHI,0.4523191094619666,0.4894248608534323,0.0,0.0582560296846011,1
631,2021_22_CLE,0.2361702127659574,0.6372340425531915,0.126595744680851,0.0,0
632,2021_22_DAL,0.3933110367892976,0.3160535117056856,0.217391304347826,0.0732441471571906,1
633,2021_22_DEN,0.462969342059938,0.4216327936617293,0.1153978642783327,0.0,1
634,2021_22_DET,0.4242068155111633,0.3478260869565217,0.1276929103016059,0.1002741872307089,0
635,2021_22_GSW,0.2318456883509833,0.3846444780635401,0.2397881996974281,0.1437216338880484,1
636,2021_22_HOU,0.2827809798270894,0.6044668587896254,0.1127521613832853,0.0,0
637,2021_22_IND,0.2837402118839244,0.6490096729617688,0.0,0.0672501151543067,0
638,2021_22_LAC,0.3514615907545887,0.5047586675730795,0.0,0.1437797416723317,0
639,2021_22_LAL,0.2971175166297118,0.2930524759793053,0.3499630450849963,0.0598669623059867,0
640,2021_22_MEM,0.3052714398111723,0.4173878835562549,0.2006294256490952,0.0767112509834775,1
641,2021_22_MIA,0.2548262548262548,0.4071604071604072,0.237978237978238,0.1000351000351,1
642,2021_22_MIL,0.5930457179652288,0.3010302640051514,0.1059240180296201,0.0,1
643,2021_22_MIN,0.358806404657933,0.4268558951965065,0.1219068413391557,0.0924308588064046,1
644,2021_22_NOP,0.3387866394001363,0.5357873210633947,0.0,0.1254260395364689,1
645,2021_22_NYK,0.2597797189517661,0.3516900873528295,0.2218002278769464,0.166729965818458,0
646,2021_22_OKC,0.6126829268292683,0.1063414634146341,0.2809756097560976,0.0,0
647,2021_22_ORL,0.3705340699815838,0.6294659300184162,0.0,0.0,0
648,2021_22_PHI,0.44528437724982,0.1270698344132469,0.380849532037437,0.046796256299496,1
649,2021_22_PHX,0.3419913419913419,0.4958374958374958,0.1095571095571095,0.0526140526140526,1
650,2021_22_POR,0.3688464364437913,0.5003673769287289,0.0,0.1307861866274798,0
651,2021_22_SAC,0.4676100628930817,0.2918238993710692,0.1081761006289308,0.1323899371069182,0
652,2021_22_SAS,0.3766898063573256,0.3902082572159299,0.1271465107782243,0.1059554256485202,0
653,2021_22_TOR,0.3418612088263511,0.3402622321714103,0.242404860889031,0.0754716981132075,1
654,2021_22_UTA,0.2387096774193548,0.700509337860781,0.0,0.0607809847198641,1
655,2021_22_WAS,0.543169841913255,0.2399675719497365,0.1353871098500202,0.0814754762869882,0
656,2022_23_ATL,0.2026121902210315,0.5090421969189551,0.1219022103148024,0.166443402545211,1
657,2022_23_BKN,0.4082408874801901,0.4079239302694136,0.1838351822503962,0.0,1
658,2022_23_BOS,0.1984599229961498,0.6254812740637034,0.176058802940147,0.0,1
659,2022_23_CHA,0.2421420256111758,0.6103996895615057,0.0,0.1474582848273186,0
660,2022_23_CHI,0.4562883435582823,0.3665644171779141,0.1284509202453988,0.0486963190184049,0
661,2022_23_CLE,0.3499228395061728,0.650077160493827,0.0,0.0,1
662,2022_23_DAL,0.442947998503554,0.3497942386831275,0.1354283576505798,0.0718294051627384,0
663,2022_23_DEN,0.3837209302325581,0.3006644518272425,0.3156146179401993,0.0,1
664,2022_23_DET,0.2676450034940601,0.4954577218728162,0.0,0.2368972746331237,0
665,2022_23_GSW,0.3219954648526076,0.4565381708238851,0.1311413454270597,0.0903250188964474,1
666,2022_23_HOU,0.2864963503649635,0.2837591240875912,0.2883211678832116,0.1414233576642335,0
667,2022_23_IND,0.3941485864562788,0.4845496383957922,0.0670611439842209,0.054240631163708,0
668,2022_23_LAC,0.3107448107448107,0.3284493284493285,0.1944444444444444,0.1663614163614163,1
669,2022_23_LAL,0.4446112278595016,0.3764635244671269,0.106574602221555,0.0723506454518162,1
670,2022_23_MEM,0.2104371399525584,0.4679769569637411,0.1901050491358861,0.1314808539478142,1
671,2022_23_MIA,0.3086461126005362,0.4698391420911528,0.221514745308311,0.0,1
672,2022_23_MIL,0.4323394495412844,0.444954128440367,0.1227064220183486,0.0,1
673,2022_23_MIN,0.4137542277339346,0.4795189778278842,0.1067267944381811,0.0,1
674,2022_23_NOP,0.1885901162790697,0.6871366279069768,0.1242732558139535,0.0,0
675,2022_23_NYK,0.1836253369272237,0.6586927223719676,0.0,0.1576819407008086,1
676,2022_23_OKC,0.4624491305956345,0.3570107288198298,0.1805401405845357,0.0,0
677,2022_23_ORL,0.2421052631578947,0.7578947368421053,0.0,0.0,0
678,2022_23_PHI,0.281025641025641,0.4748717948717949,0.2441025641025641,0.0,1
679,2022_23_PHX,0.4047390329811079,0.4354787063720781,0.1139929554915145,0.0457893051552993,1
680,2022_23_POR,0.3996101364522417,0.3797270955165692,0.1415204678362573,0.0791423001949317,0
681,2022_23_SAC,0.2684887459807074,0.592443729903537,0.1390675241157556,0.0,1
682,2022_23_SAS,0.4469103568320278,0.4260226283724977,0.1270670147954743,0.0,0
683,2022_23_TOR,0.3605163727959697,0.2965994962216625,0.3428841309823677,0.0,0
684,2022_23_UTA,0.3152356902356902,0.587962962962963,0.0,0.0968013468013468,0
685,2022_23_WAS,0.3733951497860199,0.3334522111269614,0.1248216833095577,0.1683309557774607,0
